﻿Part;Value;Device;Package
12V-JC;;Brücke;RM 7,5mm
5V-JA;;Brücke;RM 7,5mm
5V-JB;;Brücke;RM 7,5mm
C1;1000µF35V;CPOL-EUE5-10.5;E5-10,5 
C2;1000µF35V;CPOL-EUE5-10.5;E5-10,5 
C21;100nF;C5;C5B2.5
C22;100nF;C7.5 C5;C7.5B3
C23;10nF;C5;C5B2.5
C3;1000µF 16V;CPOL-EUE5-5;E5-5
C31;10nF;C5;C5B2.5
C32;10nF;C5;C5B2.5
C4;22nF;C5;C5B2.5
C5;22nF;C5;C5B2.5
C6;22nF;C5;C5B2.5
C7;22nF;C5;C5B2.5
C8;22nF;C5;C5B2.5
C9;100nF ;C7.5;C7.5B3
DISPLAY;TJCTM24028;2,8 Zoll mit Touch;TJCTM24028
IC1;CD74HC4050EE4;Bustreiber 3,3V;DIL16
IC1;Fassung DIL16;;
IC2;L7805;Linearregler;TO220
IC2;R78E5.0;Schaltregler 5V ;
IC3;LT1086CT3.3;Spannungsregler 3,3V;TO220
IC3;TSR12433;Schaltregler 3V3;
IC3;;Schaltregler 3V3;
IC4;Fassung DIL8;;
IC4;MCP602-E/P;Dual-Operationsverstärker;DIL08
IC4;NJM2732D;Dual-Operationsverstärker;DIL08
IC4;OPA2340PA;Dual-Operationsverstärker;DIL08
J1;;Brücke;2x5mm
J2;;Brücke;2x5mm
J3;;Brücke;2x5mm
J4;;Brücke;2x5mm
JP1;ESD;PINHD-1X1;Pinhead
JP10;D0-RX;JP1E;RM 2,5mm
JP11;D1-TX;JP1E;RM 2,5mm
JP2;SW1;JP1E;RM 2,5mm
LED1;LED3MM;LED3MM;led
LED2;LED3MM;LED3MM;led
MODUL1;ARDUINO_NANO2;ARDUINO_NANO2-Every;ARDUINO_NANO1
PWR24-12;SPANNUNGSWANDLER-DCDC;DC-DC Spannungswandler XL4015;SPANNUNGSREGLER36-5
Q1;BC251B;Treibertransistor-pnp;TO92-EBC
Q1;BC557;Treibertransistor-pnp;TO92-EBC
Q2;2N7000;Treibertransistor;TO-92E
Q22;IRFU5305;Leistungstransistor;I-PAK_TO251AA
Q3;2N7000;Treibertransistor;TO-92E
Q32;IRFU5305;Leistungstransistor;I-PAK_TO251AA
R1;10K15k;R-EU_0204/7;0204/7
R10;10K15k;R-EU_0204/7;0204/7
R11;NV;;
R12;NV;;
R13;1K;R-EU_0204/7;0204/7
R14;500R470R;R-EU_0204/7;0204/7
R15;NV;;
R16;1M;R-EU_0204/7;0204/7
R2;1K;R-EU_0204/7;0204/7
R21;1M;R-EU_0204/7;0204/7
R22;5K6;R-EU_0204/7;0204/7
R23;10K;R-EU_0204/7;0204/7
R24;100R;R-EU_0204/7;0204/7
R25;68K;R-EU_0204/7;0204/7
R26;10K15k;R-EU_0204/7;0204/7
R27;10K;R-EU_0204/7;0204/7
R3;1K;R-EU_0204/7;0204/7
R31;10M;R-EU_0204/7;0204/7
R32;5K6;R-EU_0204/7;0204/7
R33;10K;R-EU_0204/7;0204/7
R34;100R;R-EU_0204/7;0204/7
R35;68K;R-EU_0204/7;0204/7
R36;10K15k;R-EU_0204/7;0204/7
R37;10K15k;R-EU_0204/7;0204/7
R38;10K15k;R-EU_0204/7;0204/7
R4;1K;R-EU_0204/7;0204/7
R5;10K15k;R-EU_0204/7;0204/7
R6;10K15k;R-EU_0204/7;0204/7
R7;10K15k;R-EU_0204/7;0204/7
R8;NV;;
R9;10K15k;R-EU_0204/7;0204/7
SV1;ML-20;con-harting-ml;
SW1;PEC11R-4025F-S0012;Dreh-Drücksteller;CI-11
X1;MSTBV3;KontaktleisteOffen Phoenix 1758021 vert;5,08mm
X1;MSTBV3;Stiftkontaktleiste Phoenix 1755749 vert;5,08mm
X2;MSTBV3;KontaktleisteOffen Phoenix 1758021 vert;5,08mm
X2;MSTBV3;Stiftkontaktleiste Phoenix 1757255 horiz;5,08mm
X2;MSTBV3;Stiftkontaktleiste Phoenix 1755749 vert;5,08mm
X3;MSTBV3;KontaktleisteOffen Phoenix 1758021 vert;5,08mm
X3;MSTBV3;KontaktleisteOffen Phoenix 1758021 vert;5,08mm
X3;MSTBV3;Stiftkontaktleiste Phoenix 1757255 horiz;5,08mm
X3;MSTBV3;Stiftkontaktleiste Phoenix 1755749 vert;5,08mm
X4;MSTBV3;Stiftkontaktleiste Phoenix 1755749 vert;5,08mm
X5;1751280;Schraubklemme 6-Pol;RM 3,5mm
;;;
Zubehör;;;
;;Abstandshülsen für Touch-Montage;M3 x 20
;MSTB;Buchsengehäuse Kabel Phoenix 1757022;5,08mm
;Mean Well LRS-150-24;Netzteil 150Watt;
;PsmGoods 5PCS 3,5-mm-Stereo-Klinke;Steckverbinder f. Weller-Lötspitze;
RTM 001 C;T0054462571N ;Weller Micro Lötspitze 40W;
RTM 002 C (RT1);;Weller Micro Lötspitze 40W;
RTM 008 C (RT2);T0054460299N;Weller Micro Lötspitze 40W-RT;1
RTM 013 S (RT3);T0054460399N;Weller Lötspitze für WMRP 40W;2
RTM 015 S (RT4);;Weller Lötspitze für WMRP 40W;
RTM 020G;T0054461099N;Weller Lotdepotspitze für WMRP3;3
RTU 015 S ;T0050105899 ;Weller RTU-Reihe Lötspitze 150W;
RTU 016 C MS;T0050105199;Weller RTU-Reihe Lötspitze 150W gebogen;
RTU 020G MS;T0050106599;Weller RTU-Reihe Lötspitze 150W depot;1
;;Verbindungskabel LAPP ÖLFLEX;
;;Verbindungskabel LAPP ÖLFLEX;
;;DIN-Stecker Lumberg SV40;4-Pol Gewinde
;;DIN-Einbaubuchse Lumberg KFV 40;4-Pol Gewinde
;;DIN-Stecker ;4-Pol Bayonett
;;DIN-Einbaubuchse ;4-Pol Bayonett
;;DIN-Stecker Lumberg SV30;3-Pol Gewinde
;;DIN-Einbaubuchse Lumberg KFV 30;3-Pol Gewinde
